{"cameraMode":{"drawMode":0,"name":"Shaded","section":"Shading Mode"},"sceneLighting":false,"audioPlay":false,"sceneViewState":{"m_AlwaysRefresh":false,"showFog":true,"showSkybox":false,"showFlares":true,"showImageEffects":true,"showParticleSystems":true,"showVisualEffectGraphs":true,"m_FxEnabled":true},"in2DMode":false,"pivot":{"x":-3.5762786865234377e-7,"y":0.6017277836799622,"z":0.25005024671554568},"rotation":{"x":0.18273678421974183,"y":-0.805774450302124,"z":0.4702138304710388,"w":0.3122616708278656},"size":0.9811450242996216,"orthographic":false}